method,tx,selectivity,included_columns,join,dram_gib,target_gib,update_size,timestamp,file_path,tput,w_mib,r_mib,cycles_per_tx,utilized_cpus,cpu_time_per_tx,ssd_reads_per_tx,ssd_writes_per_tx
materialized join view,read,100,1,inner,1.0,4,5,12-31-17-13,join/1.0-4-read/12-31-17-13_sum.csv,923.2333333333333,0.0,15.577499999999997,196946.41950208333,0.183161475,0.19933629166666667,4.349852499999999,0.0
materialized join view,read-locality,50,2,inner,1.0,4,5,01-01-02-25,join/1.0-4-read-locality-sel50-col2/01-01-02-25_sum.csv,1244.3949579831933,0.0,15.571428571428566,99528.57096073951,0.1245881764705882,0.10062793277310923,3.2283814957983203,0.0
materialized join view,read,5,2,inner,1.0,4,5,01-01-15-37,join/1.0-4-read-sel5-col2/01-01-15-37_sum.csv,410184.6890756303,0.0,15.58403361344537,2868.600168504201,1.168842142857143,0.002872252100840336,0.009824823529411764,0.0
materialized join view,read-locality,100,0,inner,16.0,4,5,01-01-06-50,join/16.0-4-read-locality-col0/01-01-06-50_sum.csv,83799.35555555555,0.0,0.0,47905.62797076667,3.9959769111111116,0.04790732222222223,0.0,0.0
materialized join view,read,100,2,inner,16.0,4,5,01-01-07-45,join/16.0-4-read-col2/01-01-07-45_sum.csv,403463.02222222224,0.0,0.0,9954.110900144444,3.9966779777777783,0.009954433333333332,0.0,0.0
materialized join view,write,19,2,inner,1.0,4,5,01-01-15-15,join/1.0-4-write-sel19-col2/01-01-15-15_sum.csv,87.55,0.42083333333333345,15.115833333333331,1419479.1885425502,0.124714275,1.4346327833333334,44.69200589166667,1.2519247249999998
materialized join view,write,5,0,inner,1.0,4,5,12-31-04-55,join/1.0-4-write-sel5-col0/12-31-04-55_sum.csv,1021.1166666666667,2.630833333333334,12.909999999999998,160741.5109941,0.16378031666666668,0.16213444166666668,3.299266508333333,0.6691808166666667
materialized join view,read-locality,100,2,outer,1.0,4,5,01-01-13-43,join/1.0-4-read-locality-outer-col2/01-01-13-43_sum.csv,919.0916666666667,0.0,15.582499999999998,116780.25722806668,0.10802436666666668,0.11800953333333333,4.36753725,0.0
materialized join view,scan,50,1,inner,1.0,4,5,12-31-20-24,join/1.0-4-scan-sel50/12-31-20-24_sum.csv,0.00819672131147541,0.0,15.31885245901639,114788615.10655738,0.16763070491803278,116.23941642622951,2795.245901639344,0.0
materialized join view,write,100,1,outer,1.0,4,5,01-01-10-57,join/1.0-4-write-outer/01-01-10-57_sum.csv,34.983333333333334,0.14583333333333334,15.395833333333337,3154954.2933134334,0.11070286666666668,3.1872166833333333,114.03153374166665,1.0747454333333333
materialized join view,read-locality,5,1,inner,1.0,4,5,12-31-23-06,join/1.0-4-read-locality-sel5/12-31-23-06_sum.csv,325436.87394957984,0.0,15.587394957983186,3650.023087890756,1.179425773109244,0.0036561344537815125,0.01239429411764706,0.0
materialized join view,read-locality,100,2,inner,16.0,4,5,01-01-08-11,join/16.0-4-read-locality-col2/01-01-08-11_sum.csv,271550.4555555555,0.0,0.0,14799.333217555557,3.995496233333334,0.014799877777777776,0.0,0.0
materialized join view,write,19,1,inner,1.0,4,5,12-31-22-20,join/1.0-4-write-sel19/12-31-22-20_sum.csv,76.15,0.5783333333333331,14.975833333333332,2332257.0050510834,0.17854942499999998,2.3608752083333333,50.90698903333334,1.9540449666666668
materialized join view,read-locality,19,0,inner,1.0,4,5,12-31-03-06,join/1.0-4-read-locality-sel19-col0/12-31-03-06_sum.csv,712.3333333333334,0.0,15.589166666666664,198647.12812459999,0.14234370833333332,0.20075095,5.640232016666667,0.0
materialized join view,scan,100,0,outer,1.0,4,5,01-01-12-19,join/1.0-4-scan-outer-col0/01-01-12-19_sum.csv,0.0078125,0.0,14.537499999999998,128687206.328125,0.1208542734375,130.02870059375,4535.3984375,0.0234375
materialized join view,read,19,1,inner,1.0,4,5,12-31-21-15,join/1.0-4-read-sel19/12-31-21-15_sum.csv,1422.55,0.0,15.57083333333333,126082.00828997501,0.180704875,0.12764518333333333,2.8233681999999996,0.0
materialized join view,scan,100,2,inner,16.0,4,5,01-01-08-38,join/16.0-4-scan-col2/01-01-08-38_sum.csv,4.711111111111111,0.0,0.0,861175258.7627777,3.9957366555555547,861.211124388889,0.0,0.0
materialized join view,write,100,0,outer,1.0,4,5,01-01-12-41,join/1.0-4-write-outer-col0/01-01-12-41_sum.csv,75.38333333333334,0.18916666666666668,15.370000000000003,1536803.3765160916,0.11645458333333333,1.5539236333333333,52.712846991666666,0.627105575
materialized join view,scan,100,1,inner,1.0,4,5,12-31-18-23,join/1.0-4-scan/12-31-18-23_sum.csv,0.0,0.0,13.515328467153283,0.0,0.14386044525547445,0.0,0.0,0.0
materialized join view,read,100,0,inner,1.0,4,5,12-31-15-27,join/1.0-4-read-col0/12-31-15-27_sum.csv,439.25,0.0,15.585833333333332,435703.06128265,0.192737375,0.4406776333333333,9.142110833333332,0.0
materialized join view,write,50,1,inner,1.0,4,5,12-31-20-48,join/1.0-4-write-sel50/12-31-20-48_sum.csv,62.81666666666667,0.3449999999999999,15.202499999999997,2809695.7704013246,0.17743525000000002,2.844542558333333,62.67487956666667,1.436619925
materialized join view,write,50,2,inner,1.0,4,5,01-01-03-06,join/1.0-4-write-sel50-col2/01-01-03-06_sum.csv,64.28333333333333,0.25416666666666665,15.293333333333335,1755218.02378565,0.11341074166666668,1.7744099583333333,61.52525166666667,1.0197392333333333
materialized join view,read-locality,5,2,inner,1.0,4,5,01-01-16-00,join/1.0-4-read-locality-sel5-col2/01-01-16-00_sum.csv,426912.6386554622,0.0,15.58823529411764,2731.1333364033608,1.1566591512605042,0.002734268907563025,0.009452521008403358,0.0
materialized join view,read-locality,50,1,inner,1.0,4,5,12-31-20-02,join/1.0-4-read-locality-sel50/12-31-20-02_sum.csv,847.5916666666667,0.0,15.576666666666663,209220.897218225,0.17865440833333335,0.21158152500000002,4.735965958333334,0.0
materialized join view,scan,100,0,inner,1.0,4,5,12-31-16-18,join/1.0-4-scan-col0/12-31-16-18_sum.csv,0.007874015748031496,0.0,14.628346456692912,207916234.18897638,0.190851937007874,210.20732218897638,4475.63779527559,0.007874015748031496
materialized join view,read,19,0,inner,1.0,4,5,12-31-02-44,join/1.0-4-read-sel19-col0/12-31-02-44_sum.csv,932.7,0.0,15.580833333333329,155546.796299225,0.14594875833333334,0.157135825,4.304963633333333,0.0
materialized join view,read,100,1,outer,1.0,4,5,01-01-09-24,join/1.0-4-read-outer/01-01-09-24_sum.csv,915.4916666666667,0.0,15.583333333333332,121808.826800375,0.112338225,0.12317665,4.384287275,0.0
materialized join view,write,100,2,inner,1.0,4,5,01-01-01-28,join/1.0-4-write-col2/01-01-01-28_sum.csv,32.291666666666664,0.10666666666666669,15.432500000000001,3948947.058907167,0.12784935833333336,3.9909024499999997,123.85564797500001,0.93291235
materialized join view,read-locality,100,1,inner,16.0,4,5,09-22-17-21,join/16.0-4-read-locality/09-22-17-21_sum.csv,234327.52222222224,0.0,0.0,17146.11107278889,3.9960245,0.017146722222222223,0.0,0.0
materialized join view,read-locality,19,2,inner,1.0,4,5,01-01-03-54,join/1.0-4-read-locality-sel19-col2/01-01-03-54_sum.csv,376919.9579831933,0.0,15.568907563025205,2876.562702915967,1.0767408235294118,0.002880159663865547,0.010690487394957985,0.0
materialized join view,write,100,0,inner,1.0,4,5,12-31-16-41,join/1.0-4-write-col0/12-31-16-41_sum.csv,130.76666666666668,0.3166666666666666,15.239166666666666,1370143.52306255,0.1803316333333333,1.3860904,30.109062541666663,0.6243586999999999
materialized join view,write,100,2,inner,16.0,4,5,01-01-09-04,join/16.0-4-write-col2/01-01-09-04_sum.csv,1206.1444444444444,0.0,0.0,3443282.1581549784,3.997759533333333,3.443359333333334,0.0,0.0
materialized join view,read,50,0,inner,1.0,4,5,12-31-01-18,join/1.0-4-read-sel50-col0/12-31-01-18_sum.csv,539.425,0.0,15.577499999999997,274304.65268688335,0.1489640916666667,0.27735439166666664,7.443564008333333,0.0
materialized join view,write,19,0,inner,1.0,4,5,12-31-03-41,join/1.0-4-write-sel19-col0/12-31-03-41_sum.csv,583.55,1.4358333333333335,14.117499999999998,299228.41805290827,0.17507145000000002,0.30213615,6.2666981,0.6345035499999999
materialized join view,scan,100,1,outer,1.0,4,5,01-01-10-27,join/1.0-4-scan-outer/01-01-10-27_sum.csv,0.007246376811594203,0.0,13.594927536231884,94434943.5,0.08738465217391304,95.71552681884057,4120.144927536232,0.0
materialized join view,read,50,1,inner,1.0,4,5,12-31-19-29,join/1.0-4-read-sel50/12-31-19-29_sum.csv,978.275,0.0,15.580833333333329,173629.892749475,0.17118645,0.175723675,4.104961458333333,0.0
materialized join view,scan,100,2,inner,1.0,4,5,01-01-01-02,join/1.0-4-scan-col2/01-01-01-02_sum.csv,0.015384615384615385,0.0,14.306923076923074,169095216.0923077,0.1270075846153846,171.09386684615384,4817.761538461538,0.0
materialized join view,read,5,1,inner,1.0,4,5,12-31-22-43,join/1.0-4-read-sel5/12-31-22-43_sum.csv,327127.1512605042,0.0,15.58151260504201,3625.1012637983195,1.1777145126050421,0.003631210084033614,0.012333966386554625,0.0
materialized join view,read-locality,19,1,inner,1.0,4,5,12-31-21-41,join/1.0-4-read-locality-sel19/12-31-21-41_sum.csv,1341.2100840336134,0.0,15.590756302521001,133180.40004534452,0.17985633613445381,0.134795756302521,2.9964016638655457,0.0
materialized join view,read-locality,100,1,inner,1.0,4,5,12-31-17-53,join/1.0-4-read-locality/12-31-17-53_sum.csv,667.6722689075631,0.0,15.573109243697473,272569.36960830254,0.1833749579831932,0.2759295462184874,6.014347865546219,0.0
materialized join view,scan,50,2,inner,1.0,4,5,01-01-02-45,join/1.0-4-scan-sel50-col2/01-01-02-45_sum.csv,0.0234375,0.0,14.678124999999998,97855921.03125,0.10465160937500001,98.960139359375,3451.1484375,0.0
materialized join view,read-locality,5,0,inner,1.0,4,5,12-31-04-23,join/1.0-4-read-locality-sel5-col0/12-31-04-23_sum.csv,28980.808333333334,0.0,15.58333333333333,10775.580040075001,0.31210898333333337,0.010822708333333335,0.1387946416666667,0.0
materialized join view,scan,19,1,inner,1.0,4,5,12-31-22-00,join/1.0-4-scan-sel19/12-31-22-00_sum.csv,0.032,0.0,14.9256,150737076.232,0.164675792,152.58232772,3466.448,0.0
materialized join view,write,50,0,inner,1.0,4,5,12-31-02-21,join/1.0-4-write-sel50-col0/12-31-02-21_sum.csv,386.325,0.9183333333333334,14.615833333333331,408871.63573188335,0.15888410833333336,0.413160175,9.7753552,0.6159973916666668
materialized join view,read-locality,100,1,outer,1.0,4,5,01-01-10-00,join/1.0-4-read-locality-outer/01-01-10-00_sum.csv,659.6583333333333,0.0,15.571666666666665,167147.65604869166,0.11104874166666666,0.16899601666666667,6.083645275,0.0
materialized join view,write,100,1,inner,16.0,4,5,09-22-18-12,join/16.0-4-write/09-22-18-12_sum.csv,1171.7752808988764,0.0,0.0,3455720.543502899,3.993642370786517,3.4558445730337075,0.0,0.0
materialized join view,scan,50,0,inner,1.0,4,5,12-31-02-02,join/1.0-4-scan-sel50-col0/12-31-02-02_sum.csv,0.008333333333333333,0.0,15.56333333333333,102051976.31666666,0.16251419166666667,103.0740024,2641.641666666667,0.0
materialized join view,read,5,0,inner,1.0,4,5,12-31-04-01,join/1.0-4-read-sel5-col0/12-31-04-01_sum.csv,79054.325,0.0,15.584166666666663,7162.965996491666,0.5644913583333333,0.007180016666666666,0.050865774999999995,0.0
materialized join view,scan,100,1,inner,16.0,4,5,09-22-17-47,join/16.0-4-scan/09-22-17-47_sum.csv,3.066666666666667,0.0,0.0,1358790902.4379632,3.988290722222222,1358.8337257222222,0.0,0.0
materialized join view,read,19,2,inner,1.0,4,5,01-01-03-30,join/1.0-4-read-sel19-col2/01-01-03-30_sum.csv,409612.33613445377,0.0,15.591596638655455,2639.13925994958,1.075471344537815,0.0026423025210084044,0.009825420168067228,0.0
materialized join view,read,100,0,outer,1.0,4,5,01-01-11-29,join/1.0-4-read-outer-col0/01-01-11-29_sum.csv,434.9166666666667,0.0,15.587499999999997,264103.68578404165,0.11563697499999999,0.26693911666666664,9.230589675000001,0.0
materialized join view,scan,5,0,inner,1.0,4,5,12-31-04-39,join/1.0-4-scan-sel5-col0/12-31-04-39_sum.csv,0.12295081967213115,0.0,15.231967213114752,148451742.25409836,0.14398326229508193,149.75794717213114,4067.158469942623,0.0
materialized join view,write,5,2,inner,1.0,4,5,01-01-16-34,join/1.0-4-write-sel5-col2/01-01-16-34_sum.csv,149.88333333333333,1.0483333333333333,14.488333333333333,775256.1370369334,0.11596853333333333,0.7838230583333332,25.21792305,1.8113928416666667
materialized join view,scan,5,1,inner,1.0,4,5,12-31-23-23,join/1.0-4-scan-sel5/12-31-23-23_sum.csv,62.21848739495798,0.0,15.586554621848732,19254000.90548485,1.1910186302521006,19.28564093277311,64.74274726890756,0.0
materialized join view,read-locality,100,0,inner,1.0,4,5,12-31-15-57,join/1.0-4-read-locality-col0/12-31-15-57_sum.csv,280.7583333333333,0.0,15.57833333333333,691655.4208216667,0.19546428333333335,0.6992180333333333,14.302609266666666,0.0
materialized join view,read,100,0,inner,16.0,4,5,01-01-06-27,join/16.0-4-read-col0/01-01-06-27_sum.csv,150721.2,0.0,0.0,26640.291270122227,3.9963382,0.02664123333333333,0.0,0.0
materialized join view,scan,19,0,inner,1.0,4,5,12-31-03-23,join/1.0-4-scan-sel19-col0/12-31-03-23_sum.csv,0.031007751937984496,0.0,14.51395348837209,175139205.00775194,0.1419833023255814,176.81634617054263,4541.426356589147,0.015503875968992248
materialized join view,write,100,1,inner,1.0,4,5,12-31-18-54,join/1.0-4-write/12-31-18-54_sum.csv,35.55,0.14916666666666673,15.408333333333337,5078966.175324317,0.18118855833333333,5.14117215,112.39600464166666,1.0825939666666666
materialized join view,scan,5,2,inner,1.0,4,5,01-01-16-17,join/1.0-4-scan-sel5-col2/01-01-16-17_sum.csv,108.38655462184875,0.0,15.590756302521,10838890.973964766,1.1697557983193274,10.851510260504202,37.09378400840336,0.0
materialized join view,read-locality,100,2,inner,1.0,4,5,01-01-00-39,join/1.0-4-read-locality-col2/01-01-00-39_sum.csv,928.6916666666667,0.0,15.577499999999997,175062.64037881664,0.16357505833333336,0.17701311666666666,4.327068841666667,0.0
materialized join view,write,100,2,outer,1.0,4,5,01-01-14-32,join/1.0-4-write-outer-col2/01-01-14-32_sum.csv,32.06666666666667,0.11083333333333335,15.404166666666669,3913293.6818783423,0.12593670833333334,3.9545582083333333,124.42430961666666,0.9521345583333333
materialized join view,read,100,2,inner,1.0,4,5,01-01-00-06,join/1.0-4-read-col2/01-01-00-06_sum.csv,1104.8916666666667,0.0,15.574999999999996,150149.11728774165,0.16710045833333334,0.15187380833333333,3.6333758916666663,0.0
materialized join view,read,100,1,inner,16.0,4,5,09-22-16-55,join/16.0-4-read/09-22-16-55_sum.csv,366755.14444444445,0.0,0.0,10963.552692977777,3.996956744444444,0.010963722222222222,0.0,0.0
materialized join view,scan,19,2,inner,1.0,4,5,01-01-14-56,join/1.0-4-scan-sel19-col2/01-01-14-56_sum.csv,25.764705882352942,0.0,15.58823529411764,42951735.55500084,1.1016321344537818,43.006357403361356,156.07457378151264,0.0
materialized join view,read,100,2,outer,1.0,4,5,01-01-13-09,join/1.0-4-read-outer-col2/01-01-13-09_sum.csv,1090.3833333333334,0.0,15.582499999999998,102698.36367035835,0.11272879166666666,0.10382315,3.6816272666666663,0.0
materialized join view,write,5,1,inner,1.0,4,5,12-31-23-41,join/1.0-4-write-sel5/12-31-23-41_sum.csv,104.73109243697479,1.259663865546218,14.280672268907567,1614103.7999983192,0.1693758991596639,1.6342089159663866,35.42900539495798,3.1024544873949584
materialized join view,scan,100,2,outer,1.0,4,5,01-01-14-06,join/1.0-4-scan-outer-col2/01-01-14-06_sum.csv,0.007936507936507936,0.0,14.847619047619045,69364221.6984127,0.10038433333333333,70.12166126984127,2642.690476190476,0.0
materialized join view,scan,100,0,inner,16.0,4,5,01-01-07-12,join/16.0-4-scan-col0/01-01-07-12_sum.csv,0.5555555555555556,0.0,0.0,4030912595.3777776,3.966739944444444,4031.0383665333334,0.0,0.0
materialized join view,read,50,2,inner,1.0,4,5,01-01-01-57,join/1.0-4-read-sel50-col2/01-01-01-57_sum.csv,1365.075,0.0,15.564999999999998,84478.52596185,0.116082725,0.0853463,2.940565325,0.0
materialized join view,read-locality,50,0,inner,1.0,4,5,12-31-01-44,join/1.0-4-read-locality-sel50-col0/12-31-01-44_sum.csv,386.3666666666667,0.0,15.581666666666665,384590.3267793084,0.14942845,0.38840268333333333,10.394058499999998,0.0
materialized join view,read-locality,100,0,outer,1.0,4,5,01-01-11-58,join/1.0-4-read-locality-outer-col0/01-01-11-58_sum.csv,278.40833333333336,0.0,15.577499999999997,436407.938890625,0.12221651666666666,0.4408295833333333,14.4195003,0.0
materialized join view,write,100,0,inner,16.0,4,5,01-01-07-35,join/16.0-4-write-col0/01-01-07-35_sum.csv,10946.922222222222,0.0,0.0,366849.4097254667,3.996836533333333,0.3668602888888889,0.0,0.0
traditional indexes,read,100,1,inner,1.0,4,5,12-31-17-46,base/1.0-4-read/12-31-17-46_sum.csv,492.2857142857143,0.0,15.578991596638648,375875.43499084044,0.18633443697478988,0.3803501932773109,8.160478100840335,0.0
traditional indexes,read-locality,50,2,inner,1.0,4,5,01-01-02-39,base/1.0-4-read-locality-sel50-col2/01-01-02-39_sum.csv,721.675,0.0,15.572499999999998,179765.62896686664,0.1304984,0.18167465833333332,5.563255041666666,0.0
traditional indexes,read,5,2,inner,1.0,4,5,01-01-15-55,base/1.0-4-read-sel5-col2/01-01-15-55_sum.csv,854.5416666666666,0.0,15.577499999999997,133878.34389591668,0.11505140833333334,0.13530954166666664,4.701598866666666,0.0
traditional indexes,read-locality,100,0,inner,16.0,4,5,01-01-07-05,base/16.0-4-read-locality-col0/01-01-07-05_sum.csv,71566.97777777778,0.0,0.0,56123.09685737779,3.996288277777778,0.05612480000000001,0.0,0.0
traditional indexes,read,100,2,inner,16.0,4,5,01-01-08-03,base/16.0-4-read-col2/01-01-08-03_sum.csv,238944.85555555555,0.0,0.0,16811.2809403,3.997698022222222,0.016811644444444447,0.0,0.0
traditional indexes,write,19,2,inner,1.0,4,5,01-01-15-28,base/1.0-4-write-sel19-col2/01-01-15-28_sum.csv,174.36666666666667,0.6024999999999998,14.923333333333336,891521.0605264418,0.156070025,0.9012003583333332,22.139398874999998,0.8974574583333333
traditional indexes,write,5,0,inner,1.0,4,5,12-31-05-07,base/1.0-4-write-sel5-col0/12-31-05-07_sum.csv,1005.55,2.605833333333334,12.95,167172.44844428336,0.16775529166666664,0.16864520000000002,3.3588022,0.67108105
traditional indexes,read-locality,100,2,outer,1.0,4,5,01-01-13-59,base/1.0-4-read-locality-outer-col2/01-01-13-59_sum.csv,599.4,0.0,15.57833333333333,188210.56950834166,0.11353522499999999,0.19021714999999997,6.6986671666666675,0.0
traditional indexes,scan,50,1,inner,1.0,4,5,12-31-20-41,base/1.0-4-scan-sel50/12-31-20-41_sum.csv,0.01652892561983471,0.0,15.378512396694212,173608644.1735537,0.18114057851239668,175.67754952066116,3848.223140495868,0.0
traditional indexes,write,100,1,outer,1.0,4,5,01-01-11-17,base/1.0-4-write-outer/01-01-11-17_sum.csv,90.98333333333333,0.3149999999999999,15.226666666666667,1259675.9550087333,0.11529135833333333,1.2735559833333336,43.23969395000001,0.8984222083333333
traditional indexes,read-locality,5,1,inner,1.0,4,5,12-31-23-18,base/1.0-4-read-locality-sel5/12-31-23-18_sum.csv,668.1428571428571,0.0,15.572268907563018,263702.9017731345,0.17745050420168065,0.2668955966386555,6.011952529411766,0.0
traditional indexes,read-locality,100,2,inner,16.0,4,5,01-01-08-30,base/16.0-4-read-locality-col2/01-01-08-30_sum.csv,173356.8777777778,0.0,0.0,23175.222897300002,3.9975124,0.023175755555555552,0.0,0.0
traditional indexes,write,19,1,inner,1.0,4,5,12-31-22-33,base/1.0-4-write-sel19/12-31-22-33_sum.csv,211.95833333333334,0.7266666666666666,14.81666666666667,847092.4558913,0.18067438333333335,0.8568140750000001,18.063318908333333,0.8894914249999999
traditional indexes,read-locality,19,0,inner,1.0,4,5,12-31-03-17,base/1.0-4-read-locality-sel19-col0/12-31-03-17_sum.csv,510.6333333333333,0.0,15.589166666666664,278384.356397575,0.14290801666666664,0.281104075,7.866601716666666,0.0
traditional indexes,scan,100,0,outer,1.0,4,5,01-01-12-33,base/1.0-4-scan-outer-col0/01-01-12-33_sum.csv,0.007936507936507936,0.0,14.711904761904758,130285439.93650794,0.12347802380952382,131.61979867460317,4512.833333333333,0.015873015873015872
traditional indexes,read,19,1,inner,1.0,4,5,12-31-21-36,base/1.0-4-read-sel19/12-31-21-36_sum.csv,607.0416666666666,0.0,15.58333333333333,297349.1911134083,0.18184565,0.30090144166666666,6.615936925,1.2983333333333333e-05
traditional indexes,scan,100,2,inner,16.0,4,5,01-01-08-56,base/16.0-4-scan-col2/01-01-08-56_sum.csv,4.855555555555555,0.0,0.0,832181741.8666666,3.995827088888889,832.2192472222222,0.0,0.0
traditional indexes,write,100,0,outer,1.0,4,5,01-01-12-54,base/1.0-4-write-outer-col0/01-01-12-54_sum.csv,133.69166666666666,0.31999999999999995,15.228333333333332,885013.3683300582,0.11896142500000001,0.8945032166666667,29.439703933333337,0.6205246583333334
traditional indexes,scan,100,1,inner,1.0,4,5,12-31-18-45,base/1.0-4-scan/12-31-18-45_sum.csv,0.008,0.0,14.857599999999998,128300558.2,0.171206184,129.86532812000002,2859.064,0.008
traditional indexes,read,100,0,inner,1.0,4,5,12-31-15-50,base/1.0-4-read-col0/12-31-15-50_sum.csv,399.09166666666664,0.0,15.579999999999995,464289.6445775333,0.18671626666666666,0.46980238333333335,10.060001558333333,0.0
traditional indexes,write,50,1,inner,1.0,4,5,12-31-21-04,base/1.0-4-write-sel50/12-31-21-04_sum.csv,176.83333333333334,0.6149999999999999,14.945833333333333,1064197.6416578167,0.18932021666666668,1.076654975,21.838593641666666,0.8968310416666666
traditional indexes,write,50,2,inner,1.0,4,5,01-01-03-20,base/1.0-4-write-sel50-col2/01-01-03-20_sum.csv,135.43333333333334,0.46833333333333343,15.074166666666663,866719.0748365835,0.118029425,0.8761732916666667,28.77825830833334,0.8911989083333333
traditional indexes,read-locality,5,2,inner,1.0,4,5,01-01-16-12,base/1.0-4-read-locality-sel5-col2/01-01-16-12_sum.csv,815.9083333333333,0.0,15.574999999999996,141771.6862027,0.11637053333333333,0.14328689166666667,4.922855208333333,0.0
traditional indexes,read-locality,50,1,inner,1.0,4,5,12-31-20-18,base/1.0-4-read-locality-sel50/12-31-20-18_sum.csv,495.14166666666665,0.0,15.574166666666663,352590.0753579583,0.17598398333333332,0.35681439166666673,8.105652525,0.0
traditional indexes,scan,100,0,inner,1.0,4,5,12-31-16-33,base/1.0-4-scan-col0/12-31-16-33_sum.csv,0.007874015748031496,0.0,14.635433070866142,194510195.89763778,0.1851546771653543,196.89048888188978,4382.913385826771,0.047244094488188976
traditional indexes,read,19,0,inner,1.0,4,5,12-31-03-01,base/1.0-4-read-sel19-col0/12-31-03-01_sum.csv,623.9333333333333,0.0,15.576666666666663,226907.89927972498,0.14240399166666667,0.2291584083333333,6.435778733333333,0.0
traditional indexes,read,100,1,outer,1.0,4,5,01-01-09-53,base/1.0-4-read-outer/01-01-09-53_sum.csv,502.1166666666667,0.0,15.574999999999998,225004.34466563334,0.11376508333333334,0.22745983333333333,7.992863975000001,0.0
traditional indexes,write,100,2,inner,1.0,4,5,01-01-01-45,base/1.0-4-write-col2/01-01-01-45_sum.csv,58.56666666666667,0.19500000000000003,15.345,2064443.40112935,0.12134801666666667,2.0869092416666666,67.85396040833334,0.8895928583333333
traditional indexes,read-locality,100,1,inner,16.0,4,5,09-22-17-40,base/16.0-4-read-locality/09-22-17-40_sum.csv,157199.39325842698,0.0,0.0,25795.224454292133,3.995490741573034,0.02579594382022472,0.0,0.0
traditional indexes,read-locality,19,2,inner,1.0,4,5,01-01-04-06,base/1.0-4-read-locality-sel19-col2/01-01-04-06_sum.csv,967.175,0.0,15.549166666666663,117432.816849425,0.114264925,0.11871283333333334,4.146962258333333,0.0
traditional indexes,write,100,0,inner,1.0,4,5,12-31-16-55,base/1.0-4-write-col0/12-31-16-55_sum.csv,133.46666666666667,0.3083333333333333,15.22833333333333,1372637.8906307083,0.18438096666666667,1.3887638749999998,29.500673225,0.611076675
traditional indexes,write,100,2,inner,16.0,4,5,01-01-09-11,base/16.0-4-write-col2/01-01-09-11_sum.csv,8626.822222222223,0.0,0.0,469878.2591031778,3.9957736555555554,0.4698941333333332,0.0,0.0
traditional indexes,read,50,0,inner,1.0,4,5,12-31-01-38,base/1.0-4-read-sel50-col0/12-31-01-38_sum.csv,473.25,0.0,15.580833333333329,296741.19740945,0.14138294166666665,0.29994457499999994,8.484335,0.0
traditional indexes,write,19,0,inner,1.0,4,5,12-31-03-53,base/1.0-4-write-sel19-col0/12-31-03-53_sum.csv,582.0916666666667,1.4333333333333333,14.113333333333332,273324.69575715833,0.15950935000000002,0.2759472083333333,6.278117324999999,0.6365977750000001
traditional indexes,scan,100,1,outer,1.0,4,5,01-01-10-49,base/1.0-4-scan-outer/01-01-10-49_sum.csv,0.008,0.0,14.919199999999998,78401038.288,0.106397128,79.29528595999999,2855.976,0.0
traditional indexes,read,50,1,inner,1.0,4,5,12-31-19-55,base/1.0-4-read-sel50/12-31-19-55_sum.csv,534.0333333333333,0.0,15.568333333333332,321137.20729729166,0.17285199166666665,0.324954675,7.516174908333334,0.0
traditional indexes,scan,100,2,inner,1.0,4,5,01-01-01-20,base/1.0-4-scan-col2/01-01-01-20_sum.csv,0.024390243902439025,0.0,15.096747967479674,129068672.04878049,0.13310433333333335,130.4420524308943,3752.308943089431,0.008130081300813009
traditional indexes,read,5,1,inner,1.0,4,5,12-31-23-01,base/1.0-4-read-sel5/12-31-23-01_sum.csv,690.109243697479,0.0,15.573109243697473,265745.3931727647,0.18462292436974792,0.2688528571428571,5.820373008403362,1.323529411764706e-05
traditional indexes,read-locality,19,1,inner,1.0,4,5,12-31-21-54,base/1.0-4-read-locality-sel19/12-31-21-54_sum.csv,573.9416666666667,0.0,15.574999999999998,318934.449557975,0.18438899166666667,0.3228544833333334,6.998670758333334,0.0
traditional indexes,read-locality,100,1,inner,1.0,4,5,12-31-18-15,base/1.0-4-read-locality/12-31-18-15_sum.csv,442.3833333333333,0.0,15.56333333333333,410064.90111325,0.18271824166666664,0.41487701666666665,9.074220483333333,0.0
traditional indexes,scan,50,2,inner,1.0,4,5,01-01-03-00,base/1.0-4-scan-sel50-col2/01-01-03-00_sum.csv,0.024193548387096774,0.0,15.037903225806453,96938602.43548387,0.10779170967741934,97.91644223387095,3429.8064516129034,0.0
traditional indexes,read-locality,5,0,inner,1.0,4,5,12-31-04-33,base/1.0-4-read-locality-sel5-col0/12-31-04-33_sum.csv,1532.5833333333333,0.0,15.574166666666663,94912.49616633334,0.14575294166666666,0.095790425,2.6273650500000003,5.5e-06
traditional indexes,scan,19,1,inner,1.0,4,5,12-31-22-14,base/1.0-4-scan-sel19/12-31-22-14_sum.csv,0.024793388429752067,0.0,15.347933884297518,146665068.63636363,0.1787660826446281,148.37074847933883,3284.0,0.0
traditional indexes,write,50,0,inner,1.0,4,5,12-31-02-34,base/1.0-4-write-sel50-col0/12-31-02-34_sum.csv,384.18333333333334,0.9250000000000002,14.613333333333332,399943.5772032666,0.15449800833333333,0.4040751083333333,9.8336222,0.622600525
traditional indexes,read-locality,100,1,outer,1.0,4,5,01-01-10-20,base/1.0-4-read-locality-outer/01-01-10-20_sum.csv,448.94166666666666,0.0,15.57833333333333,252631.52417175,0.11419764166666665,0.2554474,8.942539216666667,0.0
traditional indexes,write,100,1,inner,16.0,4,5,09-22-18-19,base/16.0-4-write/09-22-18-19_sum.csv,10161.366666666667,0.0,0.0,395475.35139391106,3.9957437666666666,0.39548677777777785,0.0,0.0
traditional indexes,scan,50,0,inner,1.0,4,5,12-31-02-15,base/1.0-4-scan-sel50-col0/12-31-02-15_sum.csv,0.008130081300813009,0.0,15.084552845528453,112530302.79674797,0.15649815447154472,113.58323644715448,2870.5934959349593,0.0
traditional indexes,read,5,0,inner,1.0,4,5,12-31-04-17,base/1.0-4-read-sel5-col0/12-31-04-17_sum.csv,2330.675,0.0,15.568333333333332,65683.15103786667,0.15221844999999998,0.06627934166666667,1.7462575416666666,0.0
traditional indexes,scan,100,1,inner,16.0,4,5,09-22-18-05,base/16.0-4-scan/09-22-18-05_sum.csv,2.9101123595505616,0.0,0.0,1381368058.4363296,3.9120864157303368,1381.4387455730337,0.0,0.0
traditional indexes,read,19,2,inner,1.0,4,5,01-01-03-49,base/1.0-4-read-sel19-col2/01-01-03-49_sum.csv,1028.1583333333333,0.0,15.536666666666664,113340.32929224167,0.11724189166666665,0.11456829166666666,3.897840175,0.0
traditional indexes,read,100,0,outer,1.0,4,5,01-01-11-51,base/1.0-4-read-outer-col0/01-01-11-51_sum.csv,415.4166666666667,0.0,15.58333333333333,279563.0955352,0.11685603333333333,0.2825396666666667,9.666832533333332,0.0
traditional indexes,scan,5,0,inner,1.0,4,5,12-31-04-50,base/1.0-4-scan-sel5-col0/12-31-04-50_sum.csv,0.04918032786885246,0.0,15.237704918032785,134106786.5409836,0.13513961475409836,135.33835595081968,3913.3688524590166,0.0
traditional indexes,write,5,2,inner,1.0,4,5,01-01-16-47,base/1.0-4-write-sel5-col2/01-01-16-47_sum.csv,279.21666666666664,0.9775000000000001,14.539999999999997,441810.0955059167,0.12377614166666667,0.44647950833333333,13.485886775,0.9084546833333333
traditional indexes,scan,5,1,inner,1.0,4,5,12-31-23-35,base/1.0-4-scan-sel5/12-31-23-35_sum.csv,0.03333333333333333,0.0,15.489166666666666,140255004.68333334,0.17966965833333332,141.92308970833335,3142.375,0.0
traditional indexes,read-locality,100,0,inner,1.0,4,5,12-31-16-11,base/1.0-4-read-locality-col0/12-31-16-11_sum.csv,246.65833333333333,0.0,15.564166666666665,787122.8612663,0.1954068333333333,0.7957941333333333,16.273251708333333,0.0
traditional indexes,read,100,0,inner,16.0,4,5,01-01-06-43,base/16.0-4-read-col0/01-01-06-43_sum.csv,129943.35555555555,0.0,0.0,31105.526331655557,3.9975259,0.031106244444444448,0.0,0.0
traditional indexes,scan,19,0,inner,1.0,4,5,12-31-03-35,base/1.0-4-scan-sel19-col0/12-31-03-35_sum.csv,0.022900763358778626,0.0,14.095419847328245,154633118.39694658,0.1419224351145038,156.02831751145038,3889.946564885496,0.0
traditional indexes,write,100,1,inner,1.0,4,5,12-31-19-15,base/1.0-4-write/12-31-19-15_sum.csv,91.41666666666667,0.3108333333333333,15.241666666666667,1892065.68948785,0.17414708333333334,1.9159025166666666,43.09819605,0.8808897833333333
traditional indexes,scan,5,2,inner,1.0,4,5,01-01-16-29,base/1.0-4-scan-sel5-col2/01-01-16-29_sum.csv,0.04065040650406504,0.0,15.082926829268292,102058165.36585365,0.10754338211382113,103.11309874796748,3684.560975609756,0.008130081300813009
traditional indexes,read-locality,100,2,inner,1.0,4,5,01-01-00-55,base/1.0-4-read-locality-col2/01-01-00-55_sum.csv,612.8833333333333,0.0,15.574166666666663,241314.15109334167,0.14888978333333333,0.24393684166666668,6.551909083333333,0.0
traditional indexes,write,100,2,outer,1.0,4,5,01-01-14-49,base/1.0-4-write-outer-col2/01-01-14-49_sum.csv,57.55833333333333,0.20000000000000004,15.318333333333335,2155839.0040238337,0.12477755833333334,2.1787944500000003,68.86830384166666,0.8916906916666666
traditional indexes,read,100,2,inner,1.0,4,5,01-01-00-32,base/1.0-4-read-col2/01-01-00-32_sum.csv,638.5416666666666,0.0,15.569166666666664,252493.61317012503,0.16248081666666667,0.25548265,6.285483816666667,0.0
traditional indexes,read,100,1,inner,16.0,4,5,09-22-17-14,base/16.0-4-read/09-22-17-14_sum.csv,166272.92134831462,0.0,0.0,24196.49803744944,3.996670707865169,0.02419693258426966,0.0,0.0
traditional indexes,scan,19,2,inner,1.0,4,5,01-01-15-09,base/1.0-4-scan-sel19-col2/01-01-15-09_sum.csv,0.024793388429752067,0.0,15.45371900826446,98784294.12396695,0.12654590082644626,99.79891363636364,3086.4876033057853,0.008264462809917356
traditional indexes,read,100,2,outer,1.0,4,5,01-01-13-36,base/1.0-4-read-outer-col2/01-01-13-36_sum.csv,641.4666666666667,0.0,15.57333333333333,175693.278179525,0.11348463333333333,0.177636175,6.257430025000001,0.0
traditional indexes,write,5,1,inner,1.0,4,5,12-31-23-53,base/1.0-4-write-sel5/12-31-23-53_sum.csv,291.4621848739496,1.0184873949579833,14.527731092436971,632934.26436358,0.18533669747899162,0.6402688655462185,12.90235513445378,0.9074644957983191
traditional indexes,scan,100,2,outer,1.0,4,5,01-01-14-23,base/1.0-4-scan-outer-col2/01-01-14-23_sum.csv,0.024193548387096774,0.0,15.01290322580645,124084499.30645162,0.1342411612903226,125.36609829032257,3753.5241935483873,0.0
traditional indexes,scan,100,0,inner,16.0,4,5,01-01-07-27,base/16.0-4-scan-col0/01-01-07-27_sum.csv,0.6,0.0,0.0,4015470253.111111,3.9669398444444437,4015.5975004888883,0.0,0.0
traditional indexes,read,50,2,inner,1.0,4,5,01-01-02-19,base/1.0-4-read-sel50-col2/01-01-02-19_sum.csv,774.3,0.0,15.579999999999997,204413.38617029166,0.159328175,0.2067463583333333,5.187839341666668,0.0
traditional indexes,read-locality,50,0,inner,1.0,4,5,12-31-01-56,base/1.0-4-read-locality-sel50-col0/12-31-01-56_sum.csv,348.35833333333335,0.0,15.577499999999997,422288.141652625,0.14794678333333333,0.4266296833333333,11.530182508333333,0.0
traditional indexes,read-locality,100,0,outer,1.0,4,5,01-01-12-11,base/1.0-4-read-locality-outer-col0/01-01-12-11_sum.csv,245.45,0.0,15.57833333333333,488753.42929685,0.12072972499999998,0.49391967499999995,16.357534516666668,0.0
traditional indexes,write,100,0,inner,16.0,4,5,01-01-07-41,base/16.0-4-write-col0/01-01-07-41_sum.csv,10595.288888888888,0.0,0.0,379224.7553946223,3.997425288888889,0.37923346666666663,0.0,0.0
merged index,read,100,1,inner,1.0,4,5,12-31-17-32,merged/1.0-4-read/12-31-17-32_sum.csv,1017.546218487395,0.0,15.575630252100833,180402.5882847983,0.18494838655462179,0.1825874789915966,3.9472729243697473,0.0
merged index,read-locality,50,2,inner,1.0,4,5,01-01-02-33,merged/1.0-4-read-locality-sel50-col2/01-01-02-33_sum.csv,1400.3166666666666,0.0,15.564999999999998,85878.87348278333,0.12090566666666665,0.08677664166666667,2.8686428999999998,0.0
merged index,read,5,2,inner,1.0,4,5,01-01-15-46,merged/1.0-4-read-sel5-col2/01-01-15-46_sum.csv,1774.563025210084,0.0,15.582352941176463,70966.09526916806,0.12690205042016808,0.07170666386554624,2.2660491680672274,0.0
merged index,read-locality,100,0,inner,16.0,4,5,01-01-06-58,merged/16.0-4-read-locality-col0/01-01-06-58_sum.csv,107693.24444444444,0.0,0.0,37295.98657777778,3.9974355111111106,0.03729686666666666,0.0,0.0
merged index,read,100,2,inner,16.0,4,5,01-01-07-55,merged/16.0-4-read-col2/01-01-07-55_sum.csv,292314.2,0.0,0.0,13741.551814555556,3.997286711111111,0.013741899999999998,0.0,0.0
merged index,write,19,2,inner,1.0,4,5,01-01-15-21,merged/1.0-4-write-sel19-col2/01-01-15-21_sum.csv,198.23333333333332,0.7124999999999999,14.813333333333334,639902.9172367083,0.12744041666666667,0.6464349666666667,19.327708191666666,0.9269473083333334
merged index,write,5,0,inner,1.0,4,5,12-31-05-01,merged/1.0-4-write-sel5-col0/12-31-05-01_sum.csv,866.775,2.3833333333333333,13.155833333333332,179820.1735115417,0.15572661666666665,0.18141013333333333,3.9526072416666667,0.7110221916666667
merged index,read-locality,100,2,outer,1.0,4,5,01-01-13-52,merged/1.0-4-read-locality-outer-col2/01-01-13-52_sum.csv,1338.7916666666667,0.0,15.568333333333332,84387.12119095835,0.11367146666666667,0.08529714166666666,2.999546291666667,0.0
merged index,scan,50,1,inner,1.0,4,5,12-31-20-34,merged/1.0-4-scan-sel50/12-31-20-34_sum.csv,0.0234375,0.0,14.490624999999998,183820939.484375,0.158153078125,186.088101671875,4257.171875,0.0
merged index,write,100,1,outer,1.0,4,5,01-01-11-09,merged/1.0-4-write-outer/01-01-11-09_sum.csv,165.99166666666667,0.5458333333333333,15.002499999999998,726948.2405901666,0.12129900833333333,0.734633175,23.358570808333337,0.843619875
merged index,read-locality,5,1,inner,1.0,4,5,12-31-23-12,merged/1.0-4-read-locality-sel5/12-31-23-12_sum.csv,1686.725,0.0,15.569166666666664,102332.598838075,0.17380946666666666,0.10359699166666667,2.3827446999999995,0.0
merged index,read-locality,100,2,inner,16.0,4,5,01-01-08-22,merged/16.0-4-read-locality-col2/01-01-08-22_sum.csv,284705.3222222222,0.0,0.0,14112.847698066667,3.9973963555555554,0.014113244444444447,0.0,0.0
merged index,write,19,1,inner,1.0,4,5,12-31-22-27,merged/1.0-4-write-sel19/12-31-22-27_sum.csv,240.48333333333332,0.9200000000000002,14.630833333333332,741866.204622,0.179280125,0.7505918583333333,15.748063733333334,0.9824401250000001
merged index,read-locality,19,0,inner,1.0,4,5,12-31-03-12,merged/1.0-4-read-locality-sel19-col0/12-31-03-12_sum.csv,1446.8666666666666,0.0,15.574999999999996,96044.42591745834,0.13975825833333336,0.0970614,2.77706385,0.0
merged index,scan,100,0,outer,1.0,4,5,01-01-12-27,merged/1.0-4-scan-outer-col0/01-01-12-27_sum.csv,0.014925373134328358,0.0,13.827611940298508,131628164.14925373,0.10077099253731342,133.02322309701495,4520.298507462687,0.0
merged index,read,19,1,inner,1.0,4,5,12-31-21-26,merged/1.0-4-read-sel19/12-31-21-26_sum.csv,1401.9327731092437,0.0,15.573949579831927,133692.9382340504,0.188775705882353,0.13526908403361346,2.8649920672268903,0.0
merged index,scan,100,2,inner,16.0,4,5,01-01-08-48,merged/16.0-4-scan-col2/01-01-08-48_sum.csv,6.655555555555556,0.0,0.0,607152843.148783,3.997884877777778,607.1675191666667,0.0,0.0
merged index,write,100,0,outer,1.0,4,5,01-01-12-48,merged/1.0-4-write-outer-col0/01-01-12-48_sum.csv,122.73333333333333,0.3016666666666666,15.251666666666669,944968.3307034917,0.11669370833333333,0.9554533749999999,32.10234391666667,0.6258629250000001
merged index,scan,100,1,inner,1.0,4,5,12-31-18-37,merged/1.0-4-scan/12-31-18-37_sum.csv,0.016666666666666666,0.0,15.558333333333332,160233627.63333333,0.1852525,162.12682750833335,3511.491666666667,0.0
merged index,read,100,0,inner,1.0,4,5,12-31-15-40,merged/1.0-4-read-col0/12-31-15-40_sum.csv,1441.9,0.0,15.579166666666664,132971.729152175,0.1929225333333333,0.13444266666666665,2.786441016666666,0.0
merged index,write,50,1,inner,1.0,4,5,12-31-20-57,merged/1.0-4-write-sel50/12-31-20-57_sum.csv,199.325,0.7058333333333332,14.849166666666669,914850.3207198917,0.18346098333333333,0.9255436833333335,19.253570975,0.9114407333333332
merged index,write,50,2,inner,1.0,4,5,01-01-03-14,merged/1.0-4-write-sel50-col2/01-01-03-14_sum.csv,162.59166666666667,0.5058333333333334,15.024999999999999,731806.667926675,0.11965458333333334,0.7396670833333334,23.883663866666666,0.8021694250000001
merged index,read-locality,5,2,inner,1.0,4,5,01-01-16-06,merged/1.0-4-read-locality-sel5-col2/01-01-16-06_sum.csv,1760.6666666666667,0.0,15.566666666666665,62118.93310508333,0.11000286666666666,0.06282113333333333,2.2825058583333333,0.0
merged index,read-locality,50,1,inner,1.0,4,5,12-31-20-11,merged/1.0-4-read-locality-sel50/12-31-20-11_sum.csv,1116.6134453781513,0.0,15.582352941176465,159890.55329453782,0.17971574789915967,0.16180079831932775,3.599292386554622,0.0
merged index,scan,100,0,inner,1.0,4,5,12-31-16-27,merged/1.0-4-scan-col0/12-31-16-27_sum.csv,0.015748031496062992,0.0,14.541732283464565,167035130.15748033,0.16757403937007875,169.0082885984252,3681.566929133858,0.007874015748031496
merged index,read,19,0,inner,1.0,4,5,12-31-02-52,merged/1.0-4-read-sel19-col0/12-31-02-52_sum.csv,13091.4,0.0,15.586666666666664,13154.911514625,0.17282265833333332,0.013261983333333335,0.306954975,6.5e-07
merged index,read,100,1,outer,1.0,4,5,01-01-09-41,merged/1.0-4-read-outer/01-01-09-41_sum.csv,1005.525,0.0,15.581666666666665,110893.52581518333,0.11225298333333335,0.11213070000000001,3.994100316666666,0.0
merged index,write,100,2,inner,1.0,4,5,01-01-01-38,merged/1.0-4-write-col2/01-01-01-38_sum.csv,82.39166666666667,0.2791666666666667,15.273333333333335,1493353.0302254334,0.123652475,1.5092822666666665,47.926768974999995,0.8731249833333333
merged index,read-locality,100,1,inner,16.0,4,5,09-22-17-33,merged/16.0-4-read-locality/09-22-17-33_sum.csv,247863.06666666668,0.0,0.0,16209.237133366667,3.9960385,0.01620978888888889,0.0,0.0
merged index,read-locality,19,2,inner,1.0,4,5,01-01-04-00,merged/1.0-4-read-locality-sel19-col2/01-01-04-00_sum.csv,1655.0166666666667,0.0,15.557499999999997,67797.187625875,0.112718725,0.06851054166666666,2.426574408333333,0.0
merged index,write,100,0,inner,1.0,4,5,12-31-16-49,merged/1.0-4-write-col0/12-31-16-49_sum.csv,122.41666666666667,0.29833333333333323,15.260000000000002,1474960.0135647918,0.18166824166666667,1.4919066166666668,32.203836208333335,0.6249314166666667
merged index,write,100,2,inner,16.0,4,5,01-01-09-08,merged/16.0-4-write-col2/01-01-09-08_sum.csv,8778.933333333332,0.0,0.0,457618.8352766,3.9974947666666663,0.45762853333333325,0.0,0.0
merged index,read,50,0,inner,1.0,4,5,12-31-01-28,merged/1.0-4-read-sel50-col0/12-31-01-28_sum.csv,3348.3166666666666,0.0,15.582499999999998,44523.367232325,0.14996926666666666,0.04500955833333333,1.200396525,0.0
merged index,write,19,0,inner,1.0,4,5,12-31-03-47,merged/1.0-4-write-sel19-col0/12-31-03-47_sum.csv,549.075,1.3583333333333334,14.122499999999999,305265.31362585,0.168241825,0.3082950416666667,6.6627906333333335,0.6408152583333333
merged index,scan,100,1,outer,1.0,4,5,01-01-10-41,merged/1.0-4-scan-outer/01-01-10-41_sum.csv,0.014814814814814815,0.0,13.692592592592591,104794081.85185185,0.09461571851851852,105.93419681481481,3744.266666666667,0.0
merged index,read,50,1,inner,1.0,4,5,12-31-19-43,merged/1.0-4-read-sel50/12-31-19-43_sum.csv,1113.6833333333334,0.0,15.567499999999997,157759.44553989999,0.17708202499999998,0.15969671666666668,3.604818966666667,0.0
merged index,scan,100,2,inner,1.0,4,5,01-01-01-13,merged/1.0-4-scan-col2/01-01-01-13_sum.csv,0.03305785123966942,0.0,15.365289256198345,125829564.6198347,0.14541504958677684,127.18139261157026,3418.0661157024792,0.008264462809917356
merged index,read,5,1,inner,1.0,4,5,12-31-22-52,merged/1.0-4-read-sel5/12-31-22-52_sum.csv,1692.1512605042017,0.0,15.568067226890753,104782.08109378153,0.17840723529411764,0.10603802521008403,2.3752377142857135,0.0
merged index,read-locality,19,1,inner,1.0,4,5,12-31-21-48,merged/1.0-4-read-locality-sel19/12-31-21-48_sum.csv,1403.0333333333333,0.0,15.581666666666665,131711.27628279166,0.18612264166666667,0.13329458333333333,2.8629933750000003,0.0
merged index,read-locality,100,1,inner,1.0,4,5,12-31-18-07,merged/1.0-4-read-locality/12-31-18-07_sum.csv,1010.2268907563025,0.0,15.568907563025205,177766.6375907731,0.18097704201680673,0.17993883193277305,3.9749003697478997,0.0
merged index,scan,50,2,inner,1.0,4,5,01-01-02-53,merged/1.0-4-scan-sel50-col2/01-01-02-53_sum.csv,0.032520325203252036,0.0,15.099186991869917,98310075.00813009,0.11206882113821139,99.33438230894308,3392.3414634146343,0.0
merged index,read-locality,5,0,inner,1.0,4,5,12-31-04-28,merged/1.0-4-read-locality-sel5-col0/12-31-04-28_sum.csv,11306.27731092437,0.0,15.56554621848739,14497.478844739493,0.1643501680672269,0.01462001680672269,0.3555753949579831,7.73109243697479e-07
merged index,scan,19,1,inner,1.0,4,5,12-31-22-07,merged/1.0-4-scan-sel19/12-31-22-07_sum.csv,0.032,0.0,14.880799999999999,176105455.6,0.17804505599999995,178.193340224,3787.952,0.0
merged index,write,50,0,inner,1.0,4,5,12-31-02-28,merged/1.0-4-write-sel50-col0/12-31-02-28_sum.csv,363.425,0.8841666666666669,14.685833333333331,426526.0139844,0.15576720833333332,0.43092254999999996,10.437290700000002,0.6253985249999999
merged index,read-locality,100,1,outer,1.0,4,5,01-01-10-13,merged/1.0-4-read-locality-outer/01-01-10-13_sum.csv,997.8666666666667,0.0,15.569999999999997,111790.53009497501,0.11237795833333335,0.11306485833333334,4.021813525,0.0
merged index,write,100,1,inner,16.0,4,5,09-22-18-16,merged/16.0-4-write/09-22-18-16_sum.csv,10223.5,0.0,0.0,393141.2259093333,3.9963449444444445,0.3931507777777777,0.0,0.0
merged index,scan,50,0,inner,1.0,4,5,12-31-02-09,merged/1.0-4-scan-sel50-col0/12-31-02-09_sum.csv,0.03333333333333333,0.0,15.554166666666665,134786749.09166667,0.14296873333333332,136.36280653333333,3845.25,0.008333333333333333
merged index,read,5,0,inner,1.0,4,5,12-31-04-09,merged/1.0-4-read-sel5-col0/12-31-04-09_sum.csv,104963.225,0.0,15.581666666666665,4154.673800491667,0.43519315833333333,0.0041674416666666655,0.038288100000000005,0.0
merged index,scan,100,1,inner,16.0,4,5,09-22-17-58,merged/16.0-4-scan/09-22-17-58_sum.csv,4.202247191011236,0.0,0.0,963691766.5485018,3.948245123595506,963.7304593932583,0.0,0.0
merged index,read,19,2,inner,1.0,4,5,01-01-03-39,merged/1.0-4-read-sel19-col2/01-01-03-39_sum.csv,1672.1512605042017,0.0,15.584033613445373,67139.3008365042,0.1127986218487395,0.06784749579831932,2.4053407142857144,0.0
merged index,read,100,0,outer,1.0,4,5,01-01-11-41,merged/1.0-4-read-outer-col0/01-01-11-41_sum.csv,618.4416666666667,0.0,15.57583333333333,185717.38937576665,0.11566578333333334,0.18776749166666665,6.491287291666667,0.0
merged index,scan,5,0,inner,1.0,4,5,12-31-04-44,merged/1.0-4-scan-sel5-col0/12-31-04-44_sum.csv,0.325,0.0,15.500833333333333,147251509.98333332,0.14759201666666666,148.540579175,4014.0916666666667,0.0
merged index,write,5,2,inner,1.0,4,5,01-01-16-40,merged/1.0-4-write-sel5-col2/01-01-16-40_sum.csv,266.31666666666666,1.0266666666666668,14.497499999999999,462461.99452606664,0.12360389166666666,0.4673035166666667,14.100920283333332,0.9924447500000001
merged index,scan,5,1,inner,1.0,4,5,12-31-23-29,merged/1.0-4-scan-sel5/12-31-23-29_sum.csv,0.047619047619047616,0.0,14.806349206349205,153288916.2936508,0.16481471428571423,155.1268906190476,3519.2063492063494,0.0
merged index,read-locality,100,0,inner,1.0,4,5,12-31-16-05,merged/1.0-4-read-locality-col0/12-31-16-05_sum.csv,357.05,0.0,15.570833333333331,539897.808067125,0.194016775,0.5459570416666667,11.246786049999999,0.0
merged index,read,100,0,inner,16.0,4,5,01-01-06-35,merged/16.0-4-read-col0/01-01-06-35_sum.csv,256487.67777777778,0.0,0.0,15670.3048557,3.997300966666667,0.015670666666666666,0.0,0.0
merged index,scan,19,0,inner,1.0,4,5,12-31-03-29,merged/1.0-4-scan-sel19-col0/12-31-03-29_sum.csv,0.075,0.0,15.559999999999999,131842194.25,0.13932061666666667,133.0889264333333,3811.733333333333,0.0
merged index,write,100,1,inner,1.0,4,5,12-31-19-08,merged/1.0-4-write/12-31-19-08_sum.csv,163.57983193277312,0.5285714285714286,15.027731092436971,1108434.1842229161,0.18212656302521013,1.1211661848739496,23.756071285714285,0.8371315966386556
merged index,scan,5,2,inner,1.0,4,5,01-01-16-22,merged/1.0-4-scan-sel5-col2/01-01-16-22_sum.csv,0.041666666666666664,0.0,15.550833333333333,102335738.7,0.1137124,103.47427557500001,3643.241666666667,0.0
merged index,read-locality,100,2,inner,1.0,4,5,01-01-00-49,merged/1.0-4-read-locality-col2/01-01-00-49_sum.csv,1333.4,0.0,15.575833333333332,122257.82504985835,0.16407701666666666,0.12367706666666667,3.0132194083333332,0.0
merged index,write,100,2,outer,1.0,4,5,01-01-14-42,merged/1.0-4-write-outer-col2/01-01-14-42_sum.csv,82.65,0.2783333333333333,15.254166666666668,1449562.8821488167,0.12036998333333333,1.4647898833333335,47.732233375,0.8561470666666667
merged index,read,100,2,inner,1.0,4,5,01-01-00-20,merged/1.0-4-read-col2/01-01-00-20_sum.csv,1346.275,0.0,15.579999999999997,121992.80477391666,0.16534659999999998,0.12338919166666668,2.984247433333333,0.0
merged index,read,100,1,inner,16.0,4,5,09-22-17-06,merged/16.0-4-read/09-22-17-06_sum.csv,255629.9,0.0,0.0,15719.187596377777,3.995162011111111,0.015719644444444444,0.0,0.0
merged index,scan,19,2,inner,1.0,4,5,01-01-15-02,merged/1.0-4-scan-sel19-col2/01-01-15-02_sum.csv,0.04838709677419355,0.0,14.967741935483868,109888335.33064516,0.11613989516129034,110.90875409677419,3622.314516129032,0.0
merged index,read,100,2,outer,1.0,4,5,01-01-13-24,merged/1.0-4-read-outer-col2/01-01-13-24_sum.csv,1341.6583333333333,0.0,15.569999999999997,83690.09424196667,0.11305603333333333,0.08463658333333332,2.992301225,0.0
merged index,write,5,1,inner,1.0,4,5,12-31-23-47,merged/1.0-4-write-sel5/12-31-23-47_sum.csv,267.6,1.0450000000000002,14.495833333333332,650544.6927846,0.17500710833333333,0.65842095,14.023864883333333,1.0041899666666667
merged index,scan,100,2,outer,1.0,4,5,01-01-14-16,merged/1.0-4-scan-outer-col2/01-01-14-16_sum.csv,0.032520325203252036,0.0,15.139837398373983,118625327.96747968,0.1224829105691057,119.87780993495936,3783.5447154471544,0.0
merged index,scan,100,0,inner,16.0,4,5,01-01-07-20,merged/16.0-4-scan-col0/01-01-07-20_sum.csv,3.3444444444444446,0.0,0.0,1223845390.1638887,3.9974234777777773,1223.8759193444446,0.0,0.0
merged index,read,50,2,inner,1.0,4,5,01-01-02-09,merged/1.0-4-read-sel50-col2/01-01-02-09_sum.csv,1415.7666666666667,0.0,15.582499999999998,109409.04807975833,0.15593259999999998,0.11064653333333332,2.837947333333333,5.8833333333333335e-06
merged index,read-locality,50,0,inner,1.0,4,5,12-31-01-50,merged/1.0-4-read-locality-sel50-col0/12-31-01-50_sum.csv,637.0,0.0,15.577499999999997,224008.97394460003,0.14349203333333332,0.22640819999999998,6.309196224999999,2.5883333333333337e-05
merged index,read-locality,100,0,outer,1.0,4,5,01-01-12-06,merged/1.0-4-read-locality-outer-col0/01-01-12-06_sum.csv,341.775,0.0,15.57583333333333,351615.5578339167,0.12087383333333333,0.35515610833333333,11.747184691666666,0.0
merged index,write,100,0,inner,16.0,4,5,01-01-07-38,merged/16.0-4-write-col0/01-01-07-38_sum.csv,10938.611111111111,0.0,0.0,367097.36913003336,3.9971119111111117,0.36710658888888903,0.0,0.0
